dataset_name;activity_name;feature_col;target_col;std;correlation_type;correlation_value;file_name
synthetic_log_001;A;activity_first_s;case:label;1.67;Spearman;0.1561;synthetic_log_001_P-10_S-1_A-A_R_307-307_join_pos_enc.csv
synthetic_log_001;A;activity_last_s;case:label;1.67;Spearman;0.1561;synthetic_log_001_P-10_S-1_A-A_R_307-307_join_pos_enc.csv
synthetic_log_001;A;activity_repetition_s;case:label;0.209;Spearman;0.1561;synthetic_log_001_P-10_S-1_A-A_R_307-307_join_pos_enc.csv
synthetic_log_001;A;activity_first_o;case:label;1.049;Spearman;0.0;synthetic_log_001_P-10_S-1_A-A_R_307-307_join_pos_enc.csv
synthetic_log_001;A;activity_last_o;case:label;1.049;Spearman;0.0;synthetic_log_001_P-10_S-1_A-A_R_307-307_join_pos_enc.csv
synthetic_log_001;A;activity_first_s;case:label;1.5;Spearman;-0.9532;synthetic_log_001_P-5_S-1_A-A_R_292-292_join_pos_enc.csv
synthetic_log_001;A;activity_last_s;case:label;1.5;Spearman;-0.9532;synthetic_log_001_P-5_S-1_A-A_R_292-292_join_pos_enc.csv
synthetic_log_001;A;activity_repetition_s;case:label;0.5;Spearman;-0.9532;synthetic_log_001_P-5_S-1_A-A_R_292-292_join_pos_enc.csv
synthetic_log_001;A;activity_repetition_o;case:label;0.0;Pearson;;synthetic_log_001_P-10_S-1_A-A_R_307-307_join_pos_enc.csv
synthetic_log_001;A;activity_first_o;case:label;0.0;Pearson;;synthetic_log_001_P-5_S-1_A-A_R_292-292_join_pos_enc.csv
synthetic_log_001;A;activity_last_o;case:label;0.0;Pearson;;synthetic_log_001_P-5_S-1_A-A_R_292-292_join_pos_enc.csv
synthetic_log_001;A;activity_repetition_o;case:label;0.0;Pearson;;synthetic_log_001_P-5_S-1_A-A_R_292-292_join_pos_enc.csv
synthetic_log_001;B;activity_first_s;case:label;2.349;Spearman;0.4756;synthetic_log_001_P-10_S-2_A-B_R_200-200_join_pos_enc.csv
synthetic_log_001;B;activity_last_s;case:label;3.227;Spearman;0.1594;synthetic_log_001_P-10_S-2_A-B_R_200-200_join_pos_enc.csv
synthetic_log_001;B;activity_first_o;case:label;2.582;Spearman;0.0;synthetic_log_001_P-10_S-2_A-B_R_200-200_join_pos_enc.csv
synthetic_log_001;B;activity_last_o;case:label;2.13;Spearman;0.0;synthetic_log_001_P-10_S-2_A-B_R_200-200_join_pos_enc.csv
synthetic_log_001;B;activity_repetition_o;case:label;0.532;Spearman;0.0;synthetic_log_001_P-10_S-2_A-B_R_200-200_join_pos_enc.csv
synthetic_log_001;B;activity_first_o;case:label;1.271;Spearman;0.0;synthetic_log_001_P-5_S-2_A-B_R_79-79_join_pos_enc.csv
synthetic_log_001;B;activity_last_o;case:label;1.271;Spearman;0.0;synthetic_log_001_P-5_S-2_A-B_R_79-79_join_pos_enc.csv
synthetic_log_001;B;activity_repetition_s;case:label;0.818;Spearman;-0.0113;synthetic_log_001_P-10_S-2_A-B_R_200-200_join_pos_enc.csv
synthetic_log_001;B;activity_repetition_s;case:label;0.311;Spearman;-0.0613;synthetic_log_001_P-5_S-2_A-B_R_79-79_join_pos_enc.csv
synthetic_log_001;B;activity_first_s;case:label;1.495;Spearman;-0.4443;synthetic_log_001_P-5_S-2_A-B_R_79-79_join_pos_enc.csv
synthetic_log_001;B;activity_last_s;case:label;1.495;Spearman;-0.4443;synthetic_log_001_P-5_S-2_A-B_R_79-79_join_pos_enc.csv
synthetic_log_001;B;activity_repetition_o;case:label;0.0;Pearson;;synthetic_log_001_P-5_S-2_A-B_R_79-79_join_pos_enc.csv
synthetic_log_001;C;activity_first_s;case:label;0.717;Spearman;0.185;synthetic_log_001_P-5_S-3_A-C_R_136-136_join_pos_enc.csv
synthetic_log_001;C;activity_last_s;case:label;0.717;Spearman;0.185;synthetic_log_001_P-5_S-3_A-C_R_136-136_join_pos_enc.csv
synthetic_log_001;C;activity_repetition_s;case:label;0.179;Spearman;0.185;synthetic_log_001_P-5_S-3_A-C_R_136-136_join_pos_enc.csv
synthetic_log_001;C;activity_repetition_s;case:label;0.494;Spearman;0.1738;synthetic_log_001_P-10_S-3_A-C_R_239-239_join_pos_enc.csv
synthetic_log_001;C;activity_first_s;case:label;3.687;Spearman;0.0579;synthetic_log_001_P-10_S-3_A-C_R_239-239_join_pos_enc.csv
synthetic_log_001;C;activity_last_s;case:label;3.687;Spearman;0.0579;synthetic_log_001_P-10_S-3_A-C_R_239-239_join_pos_enc.csv
synthetic_log_001;C;activity_first_o;case:label;2.194;Spearman;0.0;synthetic_log_001_P-10_S-3_A-C_R_239-239_join_pos_enc.csv
synthetic_log_001;C;activity_last_o;case:label;2.394;Spearman;0.0;synthetic_log_001_P-10_S-3_A-C_R_239-239_join_pos_enc.csv
synthetic_log_001;C;activity_repetition_o;case:label;0.434;Spearman;0.0;synthetic_log_001_P-10_S-3_A-C_R_239-239_join_pos_enc.csv
synthetic_log_001;C;activity_first_o;case:label;1.176;Spearman;0.0;synthetic_log_001_P-5_S-3_A-C_R_136-136_join_pos_enc.csv
synthetic_log_001;C;activity_last_o;case:label;1.168;Spearman;0.0;synthetic_log_001_P-5_S-3_A-C_R_136-136_join_pos_enc.csv
synthetic_log_001;C;activity_repetition_o;case:label;0.121;Spearman;0.0;synthetic_log_001_P-5_S-3_A-C_R_136-136_join_pos_enc.csv
synthetic_log_001;D;activity_first_o;case:label;2.964;Spearman;0.0;synthetic_log_001_P-10_S-4_A-D_R_195-195_join_pos_enc.csv
synthetic_log_001;D;activity_last_o;case:label;2.99;Spearman;0.0;synthetic_log_001_P-10_S-4_A-D_R_195-195_join_pos_enc.csv
synthetic_log_001;D;activity_repetition_o;case:label;0.397;Spearman;0.0;synthetic_log_001_P-10_S-4_A-D_R_195-195_join_pos_enc.csv
synthetic_log_001;D;activity_first_o;case:label;1.052;Spearman;0.0;synthetic_log_001_P-5_S-4_A-D_R_79-79_join_pos_enc.csv
synthetic_log_001;D;activity_last_o;case:label;1.034;Spearman;0.0;synthetic_log_001_P-5_S-4_A-D_R_79-79_join_pos_enc.csv
synthetic_log_001;D;activity_repetition_o;case:label;0.292;Spearman;0.0;synthetic_log_001_P-5_S-4_A-D_R_79-79_join_pos_enc.csv
synthetic_log_001;D;activity_repetition_s;case:label;0.422;Spearman;-0.0609;synthetic_log_001_P-10_S-4_A-D_R_195-195_join_pos_enc.csv
synthetic_log_001;D;activity_first_s;case:label;2.744;Spearman;-0.0708;synthetic_log_001_P-10_S-4_A-D_R_195-195_join_pos_enc.csv
synthetic_log_001;D;activity_last_s;case:label;2.744;Spearman;-0.0708;synthetic_log_001_P-10_S-4_A-D_R_195-195_join_pos_enc.csv
synthetic_log_001;D;activity_repetition_s;case:label;0.616;Spearman;-0.2652;synthetic_log_001_P-5_S-4_A-D_R_79-79_join_pos_enc.csv
synthetic_log_001;D;activity_first_s;case:label;2.124;Spearman;-0.2754;synthetic_log_001_P-5_S-4_A-D_R_79-79_join_pos_enc.csv
synthetic_log_001;D;activity_last_s;case:label;2.272;Spearman;-0.3467;synthetic_log_001_P-5_S-4_A-D_R_79-79_join_pos_enc.csv
synthetic_log_001;E;activity_first_o;case:label;2.417;Spearman;0.0;synthetic_log_001_P-10_S-5_A-E_R_227-227_join_pos_enc.csv
synthetic_log_001;E;activity_last_o;case:label;2.506;Spearman;0.0;synthetic_log_001_P-10_S-5_A-E_R_227-227_join_pos_enc.csv
synthetic_log_001;E;activity_repetition_o;case:label;0.256;Spearman;0.0;synthetic_log_001_P-10_S-5_A-E_R_227-227_join_pos_enc.csv
synthetic_log_001;E;activity_first_o;case:label;1.01;Spearman;0.0;synthetic_log_001_P-5_S-5_A-E_R_105-105_join_pos_enc.csv
synthetic_log_001;E;activity_last_o;case:label;1.01;Spearman;0.0;synthetic_log_001_P-5_S-5_A-E_R_105-105_join_pos_enc.csv
synthetic_log_001;E;activity_last_s;case:label;3.272;Spearman;-0.0213;synthetic_log_001_P-10_S-5_A-E_R_227-227_join_pos_enc.csv
synthetic_log_001;E;activity_first_s;case:label;2.962;Spearman;-0.0717;synthetic_log_001_P-10_S-5_A-E_R_227-227_join_pos_enc.csv
synthetic_log_001;E;activity_repetition_s;case:label;0.76;Spearman;-0.0998;synthetic_log_001_P-10_S-5_A-E_R_227-227_join_pos_enc.csv
synthetic_log_001;E;activity_first_s;case:label;0.902;Spearman;-0.3333;synthetic_log_001_P-5_S-5_A-E_R_105-105_join_pos_enc.csv
synthetic_log_001;E;activity_last_s;case:label;0.902;Spearman;-0.3333;synthetic_log_001_P-5_S-5_A-E_R_105-105_join_pos_enc.csv
synthetic_log_001;E;activity_repetition_s;case:label;0.301;Spearman;-0.3333;synthetic_log_001_P-5_S-5_A-E_R_105-105_join_pos_enc.csv
synthetic_log_001;E;activity_repetition_o;case:label;0.0;Pearson;;synthetic_log_001_P-5_S-5_A-E_R_105-105_join_pos_enc.csv
synthetic_log_001;F;activity_repetition_s;case:label;0.684;Spearman;0.1894;synthetic_log_001_P-5_S-6_A-F_R_100-100_join_pos_enc.csv
synthetic_log_001;F;activity_last_s;case:label;3.022;Spearman;0.0905;synthetic_log_001_P-10_S-6_A-F_R_219-219_join_pos_enc.csv
synthetic_log_001;F;activity_first_s;case:label;2.741;Spearman;0.0739;synthetic_log_001_P-10_S-6_A-F_R_219-219_join_pos_enc.csv
synthetic_log_001;F;activity_repetition_s;case:label;0.64;Spearman;0.0675;synthetic_log_001_P-10_S-6_A-F_R_219-219_join_pos_enc.csv
synthetic_log_001;F;activity_last_s;case:label;1.919;Spearman;0.024;synthetic_log_001_P-5_S-6_A-F_R_100-100_join_pos_enc.csv
synthetic_log_001;F;activity_first_o;case:label;2.787;Spearman;0.0;synthetic_log_001_P-10_S-6_A-F_R_219-219_join_pos_enc.csv
synthetic_log_001;F;activity_last_o;case:label;2.532;Spearman;0.0;synthetic_log_001_P-10_S-6_A-F_R_219-219_join_pos_enc.csv
synthetic_log_001;F;activity_repetition_o;case:label;0.423;Spearman;0.0;synthetic_log_001_P-10_S-6_A-F_R_219-219_join_pos_enc.csv
synthetic_log_001;F;activity_first_o;case:label;1.069;Spearman;0.0;synthetic_log_001_P-5_S-6_A-F_R_100-100_join_pos_enc.csv
synthetic_log_001;F;activity_last_o;case:label;1.284;Spearman;0.0;synthetic_log_001_P-5_S-6_A-F_R_100-100_join_pos_enc.csv
synthetic_log_001;F;activity_repetition_o;case:label;0.368;Spearman;0.0;synthetic_log_001_P-5_S-6_A-F_R_100-100_join_pos_enc.csv
synthetic_log_001;F;activity_first_s;case:label;1.446;Spearman;-0.0642;synthetic_log_001_P-5_S-6_A-F_R_100-100_join_pos_enc.csv
synthetic_log_001;G;activity_first_s;case:label;1.293;Spearman;0.2774;synthetic_log_001_P-5_S-7_A-G_R_63-63_join_pos_enc.csv
synthetic_log_001;G;activity_last_s;case:label;1.293;Spearman;0.2774;synthetic_log_001_P-5_S-7_A-G_R_63-63_join_pos_enc.csv
synthetic_log_001;G;activity_repetition_s;case:label;0.259;Spearman;0.2774;synthetic_log_001_P-5_S-7_A-G_R_63-63_join_pos_enc.csv
synthetic_log_001;G;activity_first_o;case:label;2.51;Spearman;0.0;synthetic_log_001_P-10_S-7_A-G_R_147-147_join_pos_enc.csv
synthetic_log_001;G;activity_last_o;case:label;2.55;Spearman;0.0;synthetic_log_001_P-10_S-7_A-G_R_147-147_join_pos_enc.csv
synthetic_log_001;G;activity_repetition_o;case:label;0.508;Spearman;0.0;synthetic_log_001_P-10_S-7_A-G_R_147-147_join_pos_enc.csv
synthetic_log_001;G;activity_first_o;case:label;1.254;Spearman;0.0;synthetic_log_001_P-5_S-7_A-G_R_63-63_join_pos_enc.csv
synthetic_log_001;G;activity_last_o;case:label;1.254;Spearman;0.0;synthetic_log_001_P-5_S-7_A-G_R_63-63_join_pos_enc.csv
synthetic_log_001;G;activity_first_s;case:label;3.847;Spearman;-0.1982;synthetic_log_001_P-10_S-7_A-G_R_147-147_join_pos_enc.csv
synthetic_log_001;G;activity_last_s;case:label;3.847;Spearman;-0.1982;synthetic_log_001_P-10_S-7_A-G_R_147-147_join_pos_enc.csv
synthetic_log_001;G;activity_repetition_s;case:label;0.456;Spearman;-0.2542;synthetic_log_001_P-10_S-7_A-G_R_147-147_join_pos_enc.csv
synthetic_log_001;G;activity_repetition_o;case:label;0.0;Pearson;;synthetic_log_001_P-5_S-7_A-G_R_63-63_join_pos_enc.csv
synthetic_log_001;H;activity_first_o;case:label;2.622;Spearman;0.0;synthetic_log_001_P-10_S-8_A-H_R_196-196_join_pos_enc.csv
synthetic_log_001;H;activity_last_o;case:label;2.523;Spearman;0.0;synthetic_log_001_P-10_S-8_A-H_R_196-196_join_pos_enc.csv
synthetic_log_001;H;activity_repetition_o;case:label;0.383;Spearman;0.0;synthetic_log_001_P-10_S-8_A-H_R_196-196_join_pos_enc.csv
synthetic_log_001;H;activity_first_o;case:label;1.295;Spearman;0.0;synthetic_log_001_P-5_S-8_A-H_R_107-107_join_pos_enc.csv
synthetic_log_001;H;activity_last_o;case:label;1.244;Spearman;0.0;synthetic_log_001_P-5_S-8_A-H_R_107-107_join_pos_enc.csv
synthetic_log_001;H;activity_repetition_o;case:label;0.304;Spearman;0.0;synthetic_log_001_P-5_S-8_A-H_R_107-107_join_pos_enc.csv
synthetic_log_001;H;activity_first_s;case:label;3.656;Spearman;-0.1694;synthetic_log_001_P-10_S-8_A-H_R_196-196_join_pos_enc.csv
synthetic_log_001;H;activity_last_s;case:label;4.363;Spearman;-0.1865;synthetic_log_001_P-10_S-8_A-H_R_196-196_join_pos_enc.csv
synthetic_log_001;H;activity_repetition_s;case:label;1.128;Spearman;-0.2027;synthetic_log_001_P-10_S-8_A-H_R_196-196_join_pos_enc.csv
synthetic_log_001;H;activity_first_s;case:label;1.426;Spearman;-0.3121;synthetic_log_001_P-5_S-8_A-H_R_107-107_join_pos_enc.csv
synthetic_log_001;H;activity_last_s;case:label;1.426;Spearman;-0.3121;synthetic_log_001_P-5_S-8_A-H_R_107-107_join_pos_enc.csv
synthetic_log_001;H;activity_repetition_s;case:label;0.285;Spearman;-0.3121;synthetic_log_001_P-5_S-8_A-H_R_107-107_join_pos_enc.csv
synthetic_log_001;I;activity_last_s;case:label;2.768;Spearman;0.2936;synthetic_log_001_P-10_S-9_A-I_R_159-159_join_pos_enc.csv
synthetic_log_001;I;activity_repetition_s;case:label;0.558;Spearman;0.2929;synthetic_log_001_P-10_S-9_A-I_R_159-159_join_pos_enc.csv
synthetic_log_001;I;activity_first_s;case:label;2.719;Spearman;0.2777;synthetic_log_001_P-10_S-9_A-I_R_159-159_join_pos_enc.csv
synthetic_log_001;I;activity_first_o;case:label;2.37;Spearman;0.0;synthetic_log_001_P-10_S-9_A-I_R_159-159_join_pos_enc.csv
synthetic_log_001;I;activity_last_o;case:label;2.394;Spearman;0.0;synthetic_log_001_P-10_S-9_A-I_R_159-159_join_pos_enc.csv
synthetic_log_001;I;activity_repetition_o;case:label;0.205;Spearman;0.0;synthetic_log_001_P-10_S-9_A-I_R_159-159_join_pos_enc.csv
synthetic_log_001;I;activity_first_o;case:label;1.113;Spearman;0.0;synthetic_log_001_P-5_S-9_A-I_R_66-66_join_pos_enc.csv
synthetic_log_001;I;activity_last_o;case:label;1.113;Spearman;0.0;synthetic_log_001_P-5_S-9_A-I_R_66-66_join_pos_enc.csv
synthetic_log_001;I;activity_first_s;case:label;2.297;Spearman;-0.181;synthetic_log_001_P-5_S-9_A-I_R_66-66_join_pos_enc.csv
synthetic_log_001;I;activity_last_s;case:label;2.297;Spearman;-0.181;synthetic_log_001_P-5_S-9_A-I_R_66-66_join_pos_enc.csv
synthetic_log_001;I;activity_repetition_s;case:label;0.487;Spearman;-0.2499;synthetic_log_001_P-5_S-9_A-I_R_66-66_join_pos_enc.csv
synthetic_log_001;I;activity_repetition_o;case:label;0.0;Pearson;;synthetic_log_001_P-5_S-9_A-I_R_66-66_join_pos_enc.csv
synthetic_log_001;J;activity_repetition_s;case:label;0.598;Spearman;0.3287;synthetic_log_001_P-10_S-10_A-J_R_228-228_join_pos_enc.csv
synthetic_log_001;J;activity_repetition_s;case:label;0.527;Spearman;0.0873;synthetic_log_001_P-5_S-10_A-J_R_94-94_join_pos_enc.csv
synthetic_log_001;J;activity_last_s;case:label;3.22;Spearman;0.0616;synthetic_log_001_P-10_S-10_A-J_R_228-228_join_pos_enc.csv
synthetic_log_001;J;activity_last_s;case:label;2.019;Spearman;0.046;synthetic_log_001_P-5_S-10_A-J_R_94-94_join_pos_enc.csv
synthetic_log_001;J;activity_first_s;case:label;2.986;Spearman;0.0453;synthetic_log_001_P-10_S-10_A-J_R_228-228_join_pos_enc.csv
synthetic_log_001;J;activity_first_s;case:label;1.997;Spearman;0.0367;synthetic_log_001_P-5_S-10_A-J_R_94-94_join_pos_enc.csv
synthetic_log_001;J;activity_first_o;case:label;2.42;Spearman;0.0;synthetic_log_001_P-10_S-10_A-J_R_228-228_join_pos_enc.csv
synthetic_log_001;J;activity_last_o;case:label;2.34;Spearman;0.0;synthetic_log_001_P-10_S-10_A-J_R_228-228_join_pos_enc.csv
synthetic_log_001;J;activity_repetition_o;case:label;0.338;Spearman;0.0;synthetic_log_001_P-10_S-10_A-J_R_228-228_join_pos_enc.csv
synthetic_log_001;J;activity_first_o;case:label;1.025;Spearman;0.0;synthetic_log_001_P-5_S-10_A-J_R_94-94_join_pos_enc.csv
synthetic_log_001;J;activity_last_o;case:label;1.025;Spearman;0.0;synthetic_log_001_P-5_S-10_A-J_R_94-94_join_pos_enc.csv
synthetic_log_001;J;activity_repetition_o;case:label;0.0;Pearson;;synthetic_log_001_P-5_S-10_A-J_R_94-94_join_pos_enc.csv
synthetic_log_001;K;activity_first_o;case:label;2.896;Spearman;0.0;synthetic_log_001_P-10_S-11_A-K_R_219-219_join_pos_enc.csv
synthetic_log_001;K;activity_last_o;case:label;2.702;Spearman;0.0;synthetic_log_001_P-10_S-11_A-K_R_219-219_join_pos_enc.csv
synthetic_log_001;K;activity_repetition_o;case:label;0.344;Spearman;0.0;synthetic_log_001_P-10_S-11_A-K_R_219-219_join_pos_enc.csv
synthetic_log_001;K;activity_first_o;case:label;1.081;Spearman;0.0;synthetic_log_001_P-5_S-11_A-K_R_91-91_join_pos_enc.csv
synthetic_log_001;K;activity_last_o;case:label;1.091;Spearman;0.0;synthetic_log_001_P-5_S-11_A-K_R_91-91_join_pos_enc.csv
synthetic_log_001;K;activity_repetition_o;case:label;0.351;Spearman;0.0;synthetic_log_001_P-5_S-11_A-K_R_91-91_join_pos_enc.csv
synthetic_log_001;K;activity_first_s;case:label;4.221;Spearman;-0.2461;synthetic_log_001_P-10_S-11_A-K_R_219-219_join_pos_enc.csv
synthetic_log_001;K;activity_last_s;case:label;4.223;Spearman;-0.2472;synthetic_log_001_P-10_S-11_A-K_R_219-219_join_pos_enc.csv
synthetic_log_001;K;activity_first_s;case:label;0.956;Spearman;-0.2536;synthetic_log_001_P-5_S-11_A-K_R_91-91_join_pos_enc.csv
synthetic_log_001;K;activity_last_s;case:label;0.956;Spearman;-0.2536;synthetic_log_001_P-5_S-11_A-K_R_91-91_join_pos_enc.csv
synthetic_log_001;K;activity_repetition_s;case:label;0.239;Spearman;-0.2536;synthetic_log_001_P-5_S-11_A-K_R_91-91_join_pos_enc.csv
synthetic_log_001;K;activity_repetition_s;case:label;0.505;Spearman;-0.2737;synthetic_log_001_P-10_S-11_A-K_R_219-219_join_pos_enc.csv
synthetic_log_001;L;activity_repetition_s;case:label;0.53;Spearman;0.0039;synthetic_log_001_P-10_S-12_A-L_R_163-163_join_pos_enc.csv
synthetic_log_001;L;activity_first_o;case:label;2.538;Spearman;0.0;synthetic_log_001_P-10_S-12_A-L_R_163-163_join_pos_enc.csv
synthetic_log_001;L;activity_last_o;case:label;2.507;Spearman;0.0;synthetic_log_001_P-10_S-12_A-L_R_163-163_join_pos_enc.csv
synthetic_log_001;L;activity_repetition_o;case:label;0.529;Spearman;0.0;synthetic_log_001_P-10_S-12_A-L_R_163-163_join_pos_enc.csv
synthetic_log_001;L;activity_first_o;case:label;1.221;Spearman;0.0;synthetic_log_001_P-5_S-12_A-L_R_81-81_join_pos_enc.csv
synthetic_log_001;L;activity_last_o;case:label;1.314;Spearman;0.0;synthetic_log_001_P-5_S-12_A-L_R_81-81_join_pos_enc.csv
synthetic_log_001;L;activity_repetition_o;case:label;0.299;Spearman;0.0;synthetic_log_001_P-5_S-12_A-L_R_81-81_join_pos_enc.csv
synthetic_log_001;L;activity_first_s;case:label;2.857;Spearman;-0.1868;synthetic_log_001_P-10_S-12_A-L_R_163-163_join_pos_enc.csv
synthetic_log_001;L;activity_last_s;case:label;2.879;Spearman;-0.187;synthetic_log_001_P-10_S-12_A-L_R_163-163_join_pos_enc.csv
synthetic_log_001;L;activity_first_s;case:label;0.943;Spearman;-0.3639;synthetic_log_001_P-5_S-12_A-L_R_81-81_join_pos_enc.csv
synthetic_log_001;L;activity_last_s;case:label;0.943;Spearman;-0.3639;synthetic_log_001_P-5_S-12_A-L_R_81-81_join_pos_enc.csv
synthetic_log_001;L;activity_repetition_s;case:label;0.323;Spearman;-0.3645;synthetic_log_001_P-5_S-12_A-L_R_81-81_join_pos_enc.csv
synthetic_log_001;M;activity_last_s;case:label;3.175;Spearman;0.508;synthetic_log_001_P-10_S-13_A-M_R_215-215_join_pos_enc.csv
synthetic_log_001;M;activity_repetition_s;case:label;0.686;Spearman;0.5076;synthetic_log_001_P-10_S-13_A-M_R_215-215_join_pos_enc.csv
synthetic_log_001;M;activity_first_s;case:label;2.889;Spearman;0.4961;synthetic_log_001_P-10_S-13_A-M_R_215-215_join_pos_enc.csv
synthetic_log_001;M;activity_first_o;case:label;2.535;Spearman;0.0;synthetic_log_001_P-10_S-13_A-M_R_215-215_join_pos_enc.csv
synthetic_log_001;M;activity_last_o;case:label;2.619;Spearman;0.0;synthetic_log_001_P-10_S-13_A-M_R_215-215_join_pos_enc.csv
synthetic_log_001;M;activity_repetition_o;case:label;0.402;Spearman;0.0;synthetic_log_001_P-10_S-13_A-M_R_215-215_join_pos_enc.csv
synthetic_log_001;M;activity_first_o;case:label;1.061;Spearman;0.0;synthetic_log_001_P-5_S-13_A-M_R_101-101_join_pos_enc.csv
synthetic_log_001;M;activity_last_o;case:label;1.061;Spearman;0.0;synthetic_log_001_P-5_S-13_A-M_R_101-101_join_pos_enc.csv
synthetic_log_001;M;activity_repetition_s;case:label;0.417;Spearman;-0.4402;synthetic_log_001_P-5_S-13_A-M_R_101-101_join_pos_enc.csv
synthetic_log_001;M;activity_first_s;case:label;1.754;Spearman;-0.45;synthetic_log_001_P-5_S-13_A-M_R_101-101_join_pos_enc.csv
synthetic_log_001;M;activity_last_s;case:label;1.754;Spearman;-0.45;synthetic_log_001_P-5_S-13_A-M_R_101-101_join_pos_enc.csv
synthetic_log_001;M;activity_repetition_o;case:label;0.0;Pearson;;synthetic_log_001_P-5_S-13_A-M_R_101-101_join_pos_enc.csv
synthetic_log_001;N;activity_first_o;case:label;2.367;Spearman;0.0;synthetic_log_001_P-10_S-14_A-N_R_220-220_join_pos_enc.csv
synthetic_log_001;N;activity_last_o;case:label;2.495;Spearman;0.0;synthetic_log_001_P-10_S-14_A-N_R_220-220_join_pos_enc.csv
synthetic_log_001;N;activity_repetition_o;case:label;0.306;Spearman;0.0;synthetic_log_001_P-10_S-14_A-N_R_220-220_join_pos_enc.csv
synthetic_log_001;N;activity_first_o;case:label;1.203;Spearman;0.0;synthetic_log_001_P-5_S-14_A-N_R_93-93_join_pos_enc.csv
synthetic_log_001;N;activity_last_o;case:label;1.173;Spearman;0.0;synthetic_log_001_P-5_S-14_A-N_R_93-93_join_pos_enc.csv
synthetic_log_001;N;activity_repetition_o;case:label;0.145;Spearman;0.0;synthetic_log_001_P-5_S-14_A-N_R_93-93_join_pos_enc.csv
synthetic_log_001;N;activity_repetition_s;case:label;0.762;Spearman;-0.117;synthetic_log_001_P-10_S-14_A-N_R_220-220_join_pos_enc.csv
synthetic_log_001;N;activity_last_s;case:label;3.551;Spearman;-0.2245;synthetic_log_001_P-10_S-14_A-N_R_220-220_join_pos_enc.csv
synthetic_log_001;N;activity_first_s;case:label;3.343;Spearman;-0.2285;synthetic_log_001_P-10_S-14_A-N_R_220-220_join_pos_enc.csv
synthetic_log_001;N;activity_first_s;case:label;0.0;Pearson;;synthetic_log_001_P-5_S-14_A-N_R_93-93_join_pos_enc.csv
synthetic_log_001;N;activity_last_s;case:label;0.0;Pearson;;synthetic_log_001_P-5_S-14_A-N_R_93-93_join_pos_enc.csv
synthetic_log_001;N;activity_repetition_s;case:label;0.0;Pearson;;synthetic_log_001_P-5_S-14_A-N_R_93-93_join_pos_enc.csv
synthetic_log_001;O;activity_first_o;case:label;2.887;Spearman;0.0;synthetic_log_001_P-10_S-15_A-O_R_209-209_join_pos_enc.csv
synthetic_log_001;O;activity_last_o;case:label;2.755;Spearman;0.0;synthetic_log_001_P-10_S-15_A-O_R_209-209_join_pos_enc.csv
synthetic_log_001;O;activity_repetition_o;case:label;0.408;Spearman;0.0;synthetic_log_001_P-10_S-15_A-O_R_209-209_join_pos_enc.csv
synthetic_log_001;O;activity_first_o;case:label;1.292;Spearman;0.0;synthetic_log_001_P-5_S-15_A-O_R_109-109_join_pos_enc.csv
synthetic_log_001;O;activity_last_o;case:label;1.292;Spearman;0.0;synthetic_log_001_P-5_S-15_A-O_R_109-109_join_pos_enc.csv
synthetic_log_001;O;activity_first_s;case:label;3.46;Spearman;-0.4709;synthetic_log_001_P-10_S-15_A-O_R_209-209_join_pos_enc.csv
synthetic_log_001;O;activity_last_s;case:label;3.569;Spearman;-0.5187;synthetic_log_001_P-10_S-15_A-O_R_209-209_join_pos_enc.csv
synthetic_log_001;O;activity_first_s;case:label;1.551;Spearman;-0.7017;synthetic_log_001_P-5_S-15_A-O_R_109-109_join_pos_enc.csv
synthetic_log_001;O;activity_last_s;case:label;1.551;Spearman;-0.7017;synthetic_log_001_P-5_S-15_A-O_R_109-109_join_pos_enc.csv
synthetic_log_001;O;activity_repetition_s;case:label;0.732;Spearman;-0.7138;synthetic_log_001_P-10_S-15_A-O_R_209-209_join_pos_enc.csv
synthetic_log_001;O;activity_repetition_s;case:label;0.475;Spearman;-0.7169;synthetic_log_001_P-5_S-15_A-O_R_109-109_join_pos_enc.csv
synthetic_log_001;O;activity_repetition_o;case:label;0.0;Pearson;;synthetic_log_001_P-5_S-15_A-O_R_109-109_join_pos_enc.csv
synthetic_log_001;P;activity_first_s;case:label;2.401;Spearman;0.3535;synthetic_log_001_P-10_S-16_A-P_R_206-206_join_pos_enc.csv
synthetic_log_001;P;activity_last_s;case:label;2.401;Spearman;0.3535;synthetic_log_001_P-10_S-16_A-P_R_206-206_join_pos_enc.csv
synthetic_log_001;P;activity_repetition_s;case:label;0.44;Spearman;0.298;synthetic_log_001_P-10_S-16_A-P_R_206-206_join_pos_enc.csv
synthetic_log_001;P;activity_first_o;case:label;2.466;Spearman;0.0;synthetic_log_001_P-10_S-16_A-P_R_206-206_join_pos_enc.csv
synthetic_log_001;P;activity_last_o;case:label;2.567;Spearman;0.0;synthetic_log_001_P-10_S-16_A-P_R_206-206_join_pos_enc.csv
synthetic_log_001;P;activity_repetition_o;case:label;0.367;Spearman;0.0;synthetic_log_001_P-10_S-16_A-P_R_206-206_join_pos_enc.csv
synthetic_log_001;P;activity_first_o;case:label;1.165;Spearman;0.0;synthetic_log_001_P-5_S-16_A-P_R_116-116_join_pos_enc.csv
synthetic_log_001;P;activity_last_o;case:label;1.161;Spearman;0.0;synthetic_log_001_P-5_S-16_A-P_R_116-116_join_pos_enc.csv
synthetic_log_001;P;activity_repetition_o;case:label;0.093;Spearman;0.0;synthetic_log_001_P-5_S-16_A-P_R_116-116_join_pos_enc.csv
synthetic_log_001;P;activity_first_s;case:label;2.083;Spearman;-0.0034;synthetic_log_001_P-5_S-16_A-P_R_116-116_join_pos_enc.csv
synthetic_log_001;P;activity_last_s;case:label;2.097;Spearman;-0.008;synthetic_log_001_P-5_S-16_A-P_R_116-116_join_pos_enc.csv
synthetic_log_001;P;activity_repetition_s;case:label;0.446;Spearman;-0.0149;synthetic_log_001_P-5_S-16_A-P_R_116-116_join_pos_enc.csv
synthetic_log_001;Q;activity_repetition_s;case:label;0.389;Spearman;0.4752;synthetic_log_001_P-5_S-17_A-Q_R_95-95_join_pos_enc.csv
synthetic_log_001;Q;activity_first_s;case:label;1.022;Spearman;0.4728;synthetic_log_001_P-5_S-17_A-Q_R_95-95_join_pos_enc.csv
synthetic_log_001;Q;activity_last_s;case:label;1.022;Spearman;0.4728;synthetic_log_001_P-5_S-17_A-Q_R_95-95_join_pos_enc.csv
synthetic_log_001;Q;activity_first_s;case:label;3.969;Spearman;0.3882;synthetic_log_001_P-10_S-17_A-Q_R_184-184_join_pos_enc.csv
synthetic_log_001;Q;activity_last_s;case:label;3.95;Spearman;0.3882;synthetic_log_001_P-10_S-17_A-Q_R_184-184_join_pos_enc.csv
synthetic_log_001;Q;activity_repetition_s;case:label;0.608;Spearman;0.0989;synthetic_log_001_P-10_S-17_A-Q_R_184-184_join_pos_enc.csv
synthetic_log_001;Q;activity_first_o;case:label;2.277;Spearman;0.0;synthetic_log_001_P-10_S-17_A-Q_R_184-184_join_pos_enc.csv
synthetic_log_001;Q;activity_last_o;case:label;2.174;Spearman;0.0;synthetic_log_001_P-10_S-17_A-Q_R_184-184_join_pos_enc.csv
synthetic_log_001;Q;activity_repetition_o;case:label;0.601;Spearman;0.0;synthetic_log_001_P-10_S-17_A-Q_R_184-184_join_pos_enc.csv
synthetic_log_001;Q;activity_first_o;case:label;1.091;Spearman;0.0;synthetic_log_001_P-5_S-17_A-Q_R_95-95_join_pos_enc.csv
synthetic_log_001;Q;activity_last_o;case:label;1.001;Spearman;0.0;synthetic_log_001_P-5_S-17_A-Q_R_95-95_join_pos_enc.csv
synthetic_log_001;Q;activity_repetition_o;case:label;0.294;Spearman;0.0;synthetic_log_001_P-5_S-17_A-Q_R_95-95_join_pos_enc.csv
synthetic_log_001;R;activity_first_s;case:label;2.373;Spearman;0.2432;synthetic_log_001_P-5_S-18_A-R_R_117-117_join_pos_enc.csv
synthetic_log_001;R;activity_last_s;case:label;2.373;Spearman;0.2432;synthetic_log_001_P-5_S-18_A-R_R_117-117_join_pos_enc.csv
synthetic_log_001;R;activity_repetition_s;case:label;0.499;Spearman;0.1202;synthetic_log_001_P-5_S-18_A-R_R_117-117_join_pos_enc.csv
synthetic_log_001;R;activity_first_o;case:label;2.104;Spearman;0.0;synthetic_log_001_P-10_S-18_A-R_R_186-186_join_pos_enc.csv
synthetic_log_001;R;activity_last_o;case:label;2.389;Spearman;0.0;synthetic_log_001_P-10_S-18_A-R_R_186-186_join_pos_enc.csv
synthetic_log_001;R;activity_repetition_o;case:label;0.559;Spearman;0.0;synthetic_log_001_P-10_S-18_A-R_R_186-186_join_pos_enc.csv
synthetic_log_001;R;activity_first_o;case:label;1.261;Spearman;0.0;synthetic_log_001_P-5_S-18_A-R_R_117-117_join_pos_enc.csv
synthetic_log_001;R;activity_last_o;case:label;1.311;Spearman;0.0;synthetic_log_001_P-5_S-18_A-R_R_117-117_join_pos_enc.csv
synthetic_log_001;R;activity_repetition_o;case:label;0.267;Spearman;0.0;synthetic_log_001_P-5_S-18_A-R_R_117-117_join_pos_enc.csv
synthetic_log_001;R;activity_first_s;case:label;3.358;Spearman;-0.1656;synthetic_log_001_P-10_S-18_A-R_R_186-186_join_pos_enc.csv
synthetic_log_001;R;activity_last_s;case:label;3.613;Spearman;-0.1774;synthetic_log_001_P-10_S-18_A-R_R_186-186_join_pos_enc.csv
synthetic_log_001;R;activity_repetition_s;case:label;0.594;Spearman;-0.1815;synthetic_log_001_P-10_S-18_A-R_R_186-186_join_pos_enc.csv
synthetic_log_001;S;activity_first_o;case:label;2.631;Spearman;0.0;synthetic_log_001_P-10_S-19_A-S_R_203-203_join_pos_enc.csv
synthetic_log_001;S;activity_last_o;case:label;2.599;Spearman;0.0;synthetic_log_001_P-10_S-19_A-S_R_203-203_join_pos_enc.csv
synthetic_log_001;S;activity_repetition_o;case:label;0.382;Spearman;0.0;synthetic_log_001_P-10_S-19_A-S_R_203-203_join_pos_enc.csv
synthetic_log_001;S;activity_first_o;case:label;0.909;Spearman;0.0;synthetic_log_001_P-5_S-19_A-S_R_83-83_join_pos_enc.csv
synthetic_log_001;S;activity_last_o;case:label;0.909;Spearman;0.0;synthetic_log_001_P-5_S-19_A-S_R_83-83_join_pos_enc.csv
synthetic_log_001;S;activity_repetition_s;case:label;0.372;Spearman;-0.073;synthetic_log_001_P-10_S-19_A-S_R_203-203_join_pos_enc.csv
synthetic_log_001;S;activity_first_s;case:label;2.703;Spearman;-0.1008;synthetic_log_001_P-10_S-19_A-S_R_203-203_join_pos_enc.csv
synthetic_log_001;S;activity_last_s;case:label;2.703;Spearman;-0.1008;synthetic_log_001_P-10_S-19_A-S_R_203-203_join_pos_enc.csv
synthetic_log_001;S;activity_first_s;case:label;0.639;Spearman;-0.3595;synthetic_log_001_P-5_S-19_A-S_R_83-83_join_pos_enc.csv
synthetic_log_001;S;activity_last_s;case:label;0.639;Spearman;-0.3595;synthetic_log_001_P-5_S-19_A-S_R_83-83_join_pos_enc.csv
synthetic_log_001;S;activity_repetition_s;case:label;0.319;Spearman;-0.3595;synthetic_log_001_P-5_S-19_A-S_R_83-83_join_pos_enc.csv
synthetic_log_001;S;activity_repetition_o;case:label;0.0;Pearson;;synthetic_log_001_P-5_S-19_A-S_R_83-83_join_pos_enc.csv
synthetic_log_001;T;activity_last_s;case:label;2.28;Spearman;0.8801;synthetic_log_001_P-5_S-20_A-T_R_89-89_join_pos_enc.csv
synthetic_log_001;T;activity_first_s;case:label;2.134;Spearman;0.8619;synthetic_log_001_P-5_S-20_A-T_R_89-89_join_pos_enc.csv
synthetic_log_001;T;activity_repetition_s;case:label;0.721;Spearman;0.8619;synthetic_log_001_P-5_S-20_A-T_R_89-89_join_pos_enc.csv
synthetic_log_001;T;activity_repetition_s;case:label;0.582;Spearman;0.4793;synthetic_log_001_P-10_S-20_A-T_R_190-190_join_pos_enc.csv
synthetic_log_001;T;activity_last_s;case:label;3.542;Spearman;0.4364;synthetic_log_001_P-10_S-20_A-T_R_190-190_join_pos_enc.csv
synthetic_log_001;T;activity_first_s;case:label;3.285;Spearman;0.4053;synthetic_log_001_P-10_S-20_A-T_R_190-190_join_pos_enc.csv
synthetic_log_001;T;activity_first_o;case:label;2.122;Spearman;0.0;synthetic_log_001_P-10_S-20_A-T_R_190-190_join_pos_enc.csv
synthetic_log_001;T;activity_last_o;case:label;2.185;Spearman;0.0;synthetic_log_001_P-10_S-20_A-T_R_190-190_join_pos_enc.csv
synthetic_log_001;T;activity_repetition_o;case:label;0.397;Spearman;0.0;synthetic_log_001_P-10_S-20_A-T_R_190-190_join_pos_enc.csv
synthetic_log_001;T;activity_first_o;case:label;1.08;Spearman;0.0;synthetic_log_001_P-5_S-20_A-T_R_89-89_join_pos_enc.csv
synthetic_log_001;T;activity_last_o;case:label;1.08;Spearman;0.0;synthetic_log_001_P-5_S-20_A-T_R_89-89_join_pos_enc.csv
synthetic_log_001;T;activity_repetition_o;case:label;0.0;Pearson;;synthetic_log_001_P-5_S-20_A-T_R_89-89_join_pos_enc.csv
synthetic_log_001;U;activity_last_s;case:label;1.801;Spearman;0.6236;synthetic_log_001_P-5_S-21_A-U_R_100-100_join_pos_enc.csv
synthetic_log_001;U;activity_first_s;case:label;1.667;Spearman;0.6161;synthetic_log_001_P-5_S-21_A-U_R_100-100_join_pos_enc.csv
synthetic_log_001;U;activity_repetition_s;case:label;0.653;Spearman;0.6161;synthetic_log_001_P-5_S-21_A-U_R_100-100_join_pos_enc.csv
synthetic_log_001;U;activity_first_o;case:label;2.153;Spearman;0.0;synthetic_log_001_P-10_S-21_A-U_R_235-235_join_pos_enc.csv
synthetic_log_001;U;activity_last_o;case:label;2.129;Spearman;0.0;synthetic_log_001_P-10_S-21_A-U_R_235-235_join_pos_enc.csv
synthetic_log_001;U;activity_repetition_o;case:label;0.56;Spearman;0.0;synthetic_log_001_P-10_S-21_A-U_R_235-235_join_pos_enc.csv
synthetic_log_001;U;activity_first_o;case:label;0.735;Spearman;0.0;synthetic_log_001_P-5_S-21_A-U_R_100-100_join_pos_enc.csv
synthetic_log_001;U;activity_last_o;case:label;0.735;Spearman;0.0;synthetic_log_001_P-5_S-21_A-U_R_100-100_join_pos_enc.csv
synthetic_log_001;U;activity_first_s;case:label;3.666;Spearman;-0.2576;synthetic_log_001_P-10_S-21_A-U_R_235-235_join_pos_enc.csv
synthetic_log_001;U;activity_last_s;case:label;3.666;Spearman;-0.2576;synthetic_log_001_P-10_S-21_A-U_R_235-235_join_pos_enc.csv
synthetic_log_001;U;activity_repetition_s;case:label;0.499;Spearman;-0.2776;synthetic_log_001_P-10_S-21_A-U_R_235-235_join_pos_enc.csv
synthetic_log_001;U;activity_repetition_o;case:label;0.0;Pearson;;synthetic_log_001_P-5_S-21_A-U_R_100-100_join_pos_enc.csv
synthetic_log_001;start;activity_first_s;case:label;0.0;Pearson;;synthetic_log_001_P-10_S-22_A-start_R_568-568_join_pos_enc.csv
synthetic_log_001;start;activity_last_s;case:label;0.0;Pearson;;synthetic_log_001_P-10_S-22_A-start_R_568-568_join_pos_enc.csv
synthetic_log_001;start;activity_repetition_s;case:label;0.0;Pearson;;synthetic_log_001_P-10_S-22_A-start_R_568-568_join_pos_enc.csv
synthetic_log_001;start;activity_first_o;case:label;0.0;Pearson;;synthetic_log_001_P-10_S-22_A-start_R_568-568_join_pos_enc.csv
synthetic_log_001;start;activity_last_o;case:label;0.0;Pearson;;synthetic_log_001_P-10_S-22_A-start_R_568-568_join_pos_enc.csv
synthetic_log_001;start;activity_repetition_o;case:label;0.0;Pearson;;synthetic_log_001_P-10_S-22_A-start_R_568-568_join_pos_enc.csv
synthetic_log_001;start;activity_first_s;case:label;0.0;Pearson;;synthetic_log_001_P-5_S-22_A-start_R_568-568_join_pos_enc.csv
synthetic_log_001;start;activity_last_s;case:label;0.0;Pearson;;synthetic_log_001_P-5_S-22_A-start_R_568-568_join_pos_enc.csv
synthetic_log_001;start;activity_repetition_s;case:label;0.0;Pearson;;synthetic_log_001_P-5_S-22_A-start_R_568-568_join_pos_enc.csv
synthetic_log_001;start;activity_first_o;case:label;0.0;Pearson;;synthetic_log_001_P-5_S-22_A-start_R_568-568_join_pos_enc.csv
synthetic_log_001;start;activity_last_o;case:label;0.0;Pearson;;synthetic_log_001_P-5_S-22_A-start_R_568-568_join_pos_enc.csv
synthetic_log_001;start;activity_repetition_o;case:label;0.0;Pearson;;synthetic_log_001_P-5_S-22_A-start_R_568-568_join_pos_enc.csv
